PORTFOLIO,INSTRUMENT,POSITION,MV
EQD PTF,SEC1,4700,351054.3161
EQD PTF,SEC3,2900,4444.535862
EQD PTF,SEC2,2600,157793.5826
FUT PTF,FUT1,2100,34636.28442
FUT PTF,FUT2,6400,499874.0456
FUT PTF,FUT4,1900,72968.48474
FUT PTF,FUT3,9600,145637.7805
BD PTF,BD1,4000,59140.36923
BD PTF,BD2,3700,330666.2851
